1022,00:00:20,237,T,-2.09,25.70,6.26,-0.19,-0.12,0.06,1.33,-3.3
607.62,609.81
607.76,609.77
607.76,609.73
616.07,609.86
616.07,610.00
616.07,610.13
607.79,610.08
607.79,610.02
1022,00:00:22,239,T,5.99,25.10,6.26,0.19,-0.06,0.06,1.34,-3.35,.88,-54.50,0.00,IDLE
607.60,609.97
607.60,609.91
607.60,609.86
611.32,609.89
611.32,609.93
607.81,609.88
1022,00:00:22,240,T,4.07,25.24,6.25,0.06,0.12,0.00,1.32,-3.35,9.11,-43.06,-37.56,-53.69,0.00,IDLE
607.81,609.83
609.54,609.82
609.54,609.82
609.54,609.81
610.27,609.82
610.27,609.83
1022,00:00:22,241,T,6.30,25.07,6.25,0.12,0.06,0.00,1.31,-3.33,9.15,-43.88,-36.88,-54.88,0.00,IDLE
608.36,609.80
608.36,609.77
610.94,609.79
610.94,609.82
610.94,609.84
607.49,609.79
607.49,609.75
613.81,609.83
613.81,609.91
613.81,609.99
607.91,609.95
607.91,609.90
607.66,609.86
607.66,609.81
1022,00:00:23,243,T,-2.08,25.72,6.26,-0.06,0.06,-0.06,1.31,-3.37,9.12,-44.56,-37.56,-54.06,0.00,IDLE
607.66,609.76
608.61,609.74
608.61,609.72
615.64,609.84
615.64,609.96
1022,00:00:23,244,T,4.54,25.21,6.25,-0.12,-0.06,0.12,1.35,-3.35,9.12,-43.88,-37.25,-52.56,0.00,IDLE
615.64,610.09
610.62,610.10
610.62,610.12
615.17,610.23
615.17,610.34
607.68,610.28
1022,00:00:23,245,T,1.94,25.42,6.25,-0.12,0.12,0.00,1.32,-3.35,9.11,-43.06,-37.56,-54.50,0.00,IDLE
607.68,610.22
607.68,610.16
611.17,610.18
611.17,610.21
609.04,610.18
609.04,610.15
609.04,610.13
1022,00:00:23,246,T,5.89,25.10,6.26,-0.12,-0.12,0.00,1.33,-3.33,9.09,-44.25,-36.88,-52.88,0.00,IDLE
608.61,610.09
608.61,610.06
614.03,610.15
614.03,610.23
614.03,610.32
1022,00:00:24,247,T,6.26,25.11,6.26,-0.12,0.00,0.00,1.32,-3.36,9.10,-43.88,-38.00,-54.50,0.00,IDLE
607.68,610.26
607.68,610.20
608.39,610.16
608.39,610.12
608.39,610.08
607.81,610.03
607.81,609.98
607.67,609.93
607.67,609.87
610.36,609.89
610.36,609.90
610.36,609.91
607.63,609.86
1022,00:00:24,249,T,1.82,25.42,6.26,-0.06,0.00,0.12,1.33,-3.34,9.10,-43.50,-37.56,-54.50,0.00,IDLE
607.63,609.81
609.37,609.80
609.37,609.79
609.37,609.78
611.90,609.83
611.90,609.87
610.02,609.87
1022,00:00:24,250,T,-2.20,25.71,6.25,0.06,0.12,0.06,1.33,-3.36,9.10,-43.50,-37.25,-54.50,0.00,IDLE
610.02,609.87
610.02,609.88
611.43,609.91
611.43,609.94
612.57,609.99
612.57,610.04
1022,00:00:25,251,T,6.35,25.06,6.25,0.12,0.12,0.06,1.31,-3.33,9.16,-44.25,-37.56,-53.38,0.00,IDLE
610.18,610.04
610.18,610.04
610.18,610.04
613.60,610.11
613.60,610.17
1022,00:00:25,252,T,8.07,24.95,6.25,-0.25,-0.12,0.06,1.35,-3.34,9.09,-43.19,-36.88,-54.88,0.00,IDLE
607.65,610.13
607.65,610.08
607.65,610.03
614.13,610.11
614.13,610.19
609.75,610.18
609.75,610.17
1022,00:00:25,253,T,5.66,25.13,6.25,0.06,0.19,-0.12,1.34,-3.34,9.13,-44.25,-36.88,-54.50,0.00,IDLE
609.17,610.15
609.17,610.14
610.70,610.15
610.70,610.16
610.70,610.17
609.12,610.15
1022,00:00:25,254,T,8.12,24.94,6.25,0.06,0.31,-0.06,1.33,-3.35,9.15,-44.25,-37.56,-54.50,0.00,IDLE
609.12,610.13
620.04,610.31
620.04,610.50
620.04,610.70
611.88,610.72
1022,00:00:26,255,T,4.27,25.22,6.25,0.19,0.06,0.00,1.30,-3.32,9.13,-43.88,-36.88,-55.25,0.00,IDLE
611.88,610.75
608.53,610.70
608.53,610.65
620.81,610.88
620.81,611.11
620.81,611.35
607.64,611.25
607.64,611.16
1022,00:00:26,256,T,2.92,25.32,6.25,0.00,-0.06,-0.12,1.34,-3.36,9.09,-43.88,-38.38,-53.75,0.00,IDLE
612.11,611.18
612.11,611.21
612.11,611.23
615.59,611.34
615.59,611.46
1022,00:00:26,257,T,0.15,25.51,6.25,-0.12,0.06,0.06,1.32,-3.37,9.15,-43.50,-38.00,-54.06,0.00,IDLE
607.77,611.36
607.77,611.26
607.77,611.17
618.77,611.37
618.77,611.59
607.65,611.47
607.65,611.35
607.65,611.24
1022,00:00:26,258,T,5.73,25.13,6.25,0.12,0.12,0.00,1.33,-3.37,9.13,-43.19,-37.25,-54.19,0.00,IDLE
617.06,611.42
617.06,611.60
612.99,611.64
612.99,611.68
609.19,611.61
609.19,611.53
1022,00:00:27,259,T,1.90,25.39,6.25,-0.12,-0.31,-0.06,1.33,-3.36,9.05,-44.25,-37.56,-54.88,0.00,IDLE
609.19,611.46
609.89,611.41
609.89,611.37
611.02,611.36
1022,00:00:27,260,T,1.98,25.38,6.25,0.00,0.00,0.00,1.30,-3.35,9.12,-44.25,-38.00,-54.56,0.00,IDLE
611.02,611.35
611.02,611.34
609.23,611.28
609.23,611.23
614.11,611.30
614.11,611.38
609.03,611.32
1022,00:00:27,261,T,-1.25,25.63,6.25,0.19,0.06,-0.19,1.33,-3.34,9.11,-43.50,-38.00,-53.38,0.00,IDLE
609.03,611.25
609.03,611.19
609.26,611.14
609.26,611.09
607.59,611.00
607.59,610.91
607.59,610.82
1022,00:00:27,262,T,2.60,25.31,6.25,0.12,-0.06,0.00,1.31,-3.35,9.08,-44.56,-37.56,-54.50,0.00,IDLE
610.11,610.80
610.11,610.79
610.65,610.78
610.65,610.78
610.65,610.78
608.37,610.72
1022,00:00:28,263,T,1.68,25.41,6.25,-0.06,0.12,0.12,1.32,-3.36,9.10,-43.06,-37.25,-54.50,0.00,IDLE
608.37,610.66
609.08,610.63
609.08,610.59
614.21,610.67
614.21,610.76
614.21,610.84
1022,00:00:28,264,T,5.59,25.11,6.26,0.00,0.12,0.00,1.32,-3.34,9.10,-43.50,-38.00,-54.06,0.00,IDLE
610.77,610.84
610.77,610.84
612.97,610.89
612.97,610.93
612.97,610.98
607.64,610.90
1022,00:00:28,265,T,8.40,24.92,6.24,0.06,0.00,0.00,1.31,-3.35,9.14,-44.25,-37.25,-54.19,0.00,IDLE
607.64,610.83
610.14,610.81
610.14,610.80
610.14,610.78
611.48,610.80
611.48,610.81
607.55,610.74
1022,00:00:28,266,T,-2.28,25.68,6.25,-0.06,0.00,0.12,1.32,-3.34,9.11,-43.88,-36.88,-53.75,0.00,IDLE
607.55,610.67
607.55,610.60
612.90,610.65
612.90,610.70
609.90,610.69
609.90,610.67
1022,00:00:29,267,T,5.35,25.13,6.25,0.00,0.12,0.00,1.32,-3.34,9.10,-43.88,-38.00,-53.00,0.00,IDLE
610.10,610.66
610.10,610.65
610.10,610.63
621.33,610.85
621.33,611.09
1022,00:00:29,268,T,6.80,25.01,6.25,0.19,0.12,0.00,1.35,-3.34,9.14,-44.25,-37.56,-54.06,0.00,IDLE
607.60,611.00
607.60,610.92
607.60,610.84
625.56,611.20
625.56,611.60
607.59,611.48
607.59,611.36
1022,00:00:29,269,T,-2.08,25.67,6.24,-0.12,-0.06,0.12,1.33,-3.37,9.08,-44.56,-37.56,-54.88,0.00,IDLE
607.59,611.24
610.32,611.21
610.32,611.18
617.69,611.38
617.69,611.57
617.66,611.77
607.66,611.63
607.66,611.50
614.88,611.61
614.88,611.72
607.75,611.59
607.75,611.46
607.75,611.34
1022,00:00:30,271,T,0.33,25.49,6.25,-0.44,0.12,0.00,1.34,-3.39,9.14,-44.56,-37.25,-54.06,0.00,IDLE
609.28,611.27
609.28,611.21
618.24,611.43
618.24,611.66
618.24,611.89
607.76,611.74
1022,00:00:30,272,T,6.17,25.07,6.24,0.50,0.31,0.00,1.28,-3.33,9.12,-43.88,-37.25,-54.19,0.00,IDLE
607.76,611.60
609.70,611.53
609.70,611.47
609.70,611.41
622.12,611.77
622.12,612.15
1022,00:00:30,273,T,1.84,25.38,6.24,0.25,0.25,0.00,1.30,-3.36,9.10,-43.88,-37.56,-54.88,0.00,IDLE
607.90,611.98
607.90,611.83
613.03,611.87
613.03,611.92
613.03,611.96
607.58,611.80
607.58,611.65
624.40,612.11
624.40,612.59
624.40,613.09
610.54,612.97
610.54,612.87
1022,00:00:31,275,T,-2.20,25.66,6.25,0.25,0.12,0.00,1.34,-3.39,9.07,-43.88,-37.25,-54.19,0.00,IDLE
607.51,612.63
607.51,612.41
608.81,612.25
608.81,612.10
608.81,611.96
607.58,611.78
607.58,611.60
1022,00:00:31,276,T,3.12,25.24,6.24,0.38,0.31,-0.12,1.31,-3.37,9.12,-43.56,-38.00,-53.38,0.00,IDLE
610.80,611.57
610.80,611.53
610.80,611.51
613.23,611.57
613.23,611.63
1022,00:00:31,277,T,3.25,25.26,6.24,0.06,0.19,0.00,1.29,-3.34,9.17,-43.19,-38.00,-54.88,0.00,IDLE
607.65,611.49
607.65,611.35
608.50,611.24
608.50,611.14
608.50,611.05
607.58,610.92
607.58,610.80
610.79,610.80
610.79,610.80
607.78,610.70
607.78,610.60
607.78,610.51
607.83,610.42
1022,00:00:32,279,T,2.15,25.34,6.24,-0.25,-0.12,0.12,1.27,-3.39,9.12,-44.25,-37.56,-54.88,0.00,IDLE
607.83,610.34
608.57,610.28
608.57,610.23
608.54,610.17
612.01,610.23
1022,00:00:32,280,T,8.91,24.82,6.24,0.06,-0.19,0.25,1.26,-3.32,9.16,-43.19,-37.56,-54.50,0.00,IDLE
612.01,610.29
609.06,610.25
609.06,610.21
627.50,610.72
627.50,611.27
627.50,611.87
610.72,611.82
1022,00:00:32,281,T,6.73,24.98,6.25,-0.25,-0.38,0.06,1.28,-3.38,9.15,-43.50,-36.88,-52.88,0.00,IDLE
610.72,611.78
610.04,611.71
610.04,611.65
610.04,611.59
613.96,611.67
613.96,611.76
610.68,611.72
1022,00:00:32,282,T,1.80,25.34,6.25,-0.44,-0.06,0.00,1.32,-3.35,9.11,-42.75,-37.56,-53.75,0.00,IDLE
610.68,611.68
610.68,611.65
610.53,611.61
610.53,611.58
612.62,611.61
1022,00:00:33,283,T,2.87,25.26,6.24,-0.06,0.19,0.12,1.28,-3.35,9.12,-43.50,-37.25,-52.19,0.00,IDLE
612.62,611.64
612.62,611.67
612.08,611.68
612.08,611.69
619.54,611.92
619.54,612.14
609.71,612.07
609.71,612.00
1022,00:00:33,284,T,2.28,25.32,6.24,-0.12,-0.12,-0.12,1.29,-3.37,9.14,-43.56,-37.25,-54.56,0.00,IDLE
609.71,611.93
608.08,611.81
608.08,611.70
619.17,611.92
619.17,612.16
1022,00:00:33,285,T,5.56,25.07,6.24,0.00,0.00,-0.12,1.28,-3.36,9.11,-43.56,-38.00,-53.00,0.00,IDLE
619.17,612.39
614.50,612.46
614.50,612.53
618.90,612.74
618.90,612.95
618.90,613.16
614.00,613.19
1022,00:00:33,286,T,7.24,24.93,6.24,-0.19,0.06,0.00,1.28,-3.35,9.13,-43.88,-37.56,-55.25,0.00,IDLE
614.00,613.22
621.66,613.50
621.66,613.79
621.66,614.08
614.23,614.09
614.23,614.09
609.41,613.93
1022,00:00:34,287,T,3.53,25.21,6.24,0.00,-0.12,0.06,1.31,-3.36,9.10,-44.25,-38.75,-53.38,0.00,IDLE
609.41,613.76
607.59,613.54
607.59,613.32
607.59,613.10
612.52,613.08
1022,00:00:34,288,T,2.12,25.33,6.24,0.25,0.12,0.00,1.26,-3.36,9.12,-43.56,-36.88,-53.75,0.00,IDLE
612.52,613.06
609.59,612.93
609.59,612.81
617.75,612.99
617.75,613.16
1022,00:00:34,289,T,8.45,24.85,6.24,-0.06,-0.19,0.06,1.29,-3.37,9.12,-43.19,-36.88,-53.38,0.00,IDLE
617.75,613.33
607.81,613.13
607.81,612.93
614.60,612.99
614.60,613.05
614.60,613.11
610.63,613.02
610.63,612.94
1022,00:00:35,290,T,-2.38,25.63,6.24,0.12,0.06,-0.06,1.28,-3.36,9.12,-44.25,-36.88,-53.75,0.00,IDLE
617.57,613.10
617.57,613.25
608.68,613.09
608.68,612.93
608.68,612.78
1022,00:00:35,291,T,6.10,24.99,6.24,-0.12,0.00,0.06,1.29,-3.32,9.15,-43.56,-37.56,-54.19,0.00,IDLE
608.98,612.64
608.98,612.51
613.60,612.55
613.60,612.59
613.60,612.62
607.76,612.46
607.76,612.30
1022,00:00:35,292,T,-2.35,25.64,6.24,0.06,-0.12,-0.19,1.29,-3.33,9.11,-43.56,-38.00,-53.75,0.00,IDLE
609.37,612.20
609.37,612.10
609.37,612.01
611.97,612.01
611.97,612.01
1022,00:00:35,293,T,7.35,24.93,6.23,-0.12,-0.06,0.00,1.31,-3.37,9.11,-44.25,-36.88,-52.56,0.00,IDLE
610.21,611.95
610.21,611.90
610.84,611.86
610.84,611.83
610.84,611.80
608.89,611.72
608.89,611.64
612.19,611.65
1022,00:00:35,294,T,-2.28,25.64,6.24,0.06,-0.12,-0.06,1.27,-3.35,9.15,-43.88,-37.25,-54.56,0.00,IDLE
612.19,611.67
612.19,611.68
608.61,611.60
608.61,611.52
607.74,611.42
1022,00:00:36,295,T,-2.25,25.64,6.24,-0.12,0.00,0.00,1.29,-3.36,9.14,-43.19,-37.56,-52.56,0.00,IDLE
607.74,611.32
607.74,611.22
608.93,611.15
608.93,611.09
611.94,611.12
611.94,611.14
1022,00:00:36,296,T,2.61,25.29,6.24,-0.19,0.06,0.00,1.28,-3.36,9.12,-43.56,-37.56,-53.38,0.00,IDLE
611.94,611.16
607.87,611.07
607.87,610.99
614.27,611.08
614.27,611.16
610.34,611.14
610.34,611.12
1022,00:00:36,297,T,2.64,25.27,6.23,-0.06,0.19,0.00,1.27,-3.35,9.15,-43.19,-37.56,-52.56,0.00,IDLE
610.34,611.10
609.70,611.06
609.70,611.03
610.71,611.02
610.71,611.01
610.71,611.01
1022,00:00:36,298,T,3.24,25.22,6.24,0.00,0.12,0.06,1.29,-3.34,9.15,-43.19,-38.00,-54.56,0.00,IDLE
609.60,610.97
609.60,610.94
610.24,610.93
610.24,610.91
610.24,610.90
608.70,610.85
608.70,610.80
1022,00:00:37,299,T,0.54,25.44,6.23,-0.12,0.25,0.12,1.29,-3.37,9.14,-43.19,-36.88,-54.19,0.00,IDLE
609.56,610.78
609.56,610.75
610.98,610.76
610.98,610.76
610.98,610.76
1022,00:00:37,300,T,4.52,25.14,6.24,0.00,0.00,-0.06,1.28,-3.35,9.13,-43.88,-37.25,-54.56,0.00,IDLE
607.47,610.70
607.47,610.63
608.45,610.59
608.45,610.54
608.45,610.50
607.40,610.44
1022,00:00:37,301,T,1.72,25.34,6.24,0.12,-0.06,0.00,1.27,-3.36,9.13,-43.19,-38.00,-54.56,0.00,IDLE
607.40,610.37
608.42,610.33
608.42,610.29
614.01,610.37
614.01,610.45
610.17,610.44
610.17,610.44
610.17,610.43
613.91,610.50
613.91,610.57
607.48,610.51
607.48,610.44
1022,00:00:38,302,T,-2.06,25.63,6.24,0.00,-0.12,0.12,1.29,-3.37,9.10,-43.56,-38.75,-53.75,0.00,IDLE
607.48,610.38
608.44,610.34
608.44,610.30
611.93,610.33
611.93,610.37
611.93,610.40
1022,00:00:38,303,T,5.28,25.07,6.24,-0.12,-0.19,0.12,1.32,-3.38,9.13,-42.75,-36.88,-53.06,0.00,IDLE
607.62,610.34
607.62,610.28
609.69,610.27
609.69,610.26
608.93,610.23
608.93,610.21
608.93,610.18
1022,00:00:38,304,T,-2.40,25.63,6.23,0.12,-0.19,-0.12,1.32,-3.33,9.13,-44.56,-37.25,-54.56,0.00,IDLE
607.66,610.13
607.66,610.08
613.11,610.14
613.11,610.20
613.11,610.26
607.20,610.20
607.20,610.13
613.42,610.20
613.42,610.27
613.42,610.34
607.75,610.28
607.75,610.23
1022,00:00:39,306,T,-2.18,25.63,6.23,0.00,0.06,0.00,1.30,-3.34,9.15,-43.88,-37.56,-53.75,0.00,IDLE
607.66,610.17
607.66,610.12
607.66,610.06
610.44,610.07
610.44,610.08
607.39,610.02
607.39,609.97
609.75,609.96
1022,00:00:39,307,T,-2.14,25.63,6.24,0.00,0.00,0.00,1.30,-3.34,9.13,-43.88,-38.00,-53.75,0.00,IDLE
609.75,609.96
609.75,609.95
609.13,609.94
609.13,609.92
1022,00:00:39,308,T,1.61,25.35,6.23,0.12,-0.06,-0.12,1.29,-3.35,9.13,-43.56,-38.00,-53.75,0.00,IDLE
607.57,609.87
607.57,609.83
607.57,609.78
610.25,609.79
610.25,609.80
609.22,609.79
609.22,609.78
1022,00:00:40,309,T,-2.11,25.63,6.23,0.00,-0.12,0.00,1.29,-3.35,9.11,-43.56,-37.25,-54.25,0.00,IDLE
614.21,609.86
614.21,609.95
614.21,610.03
614.37,610.12
614.37,610.21
1022,00:00:40,310,T,0.05,25.45,6.23,-0.12,-0.06,0.06,1.29,-3.34,9.14,-43.19,-37.56,-53.38,0.00,IDLE
607.57,610.15
607.57,610.10
610.34,610.10
610.34,610.11
610.34,610.11
607.64,610.06
607.64,610.01
1022,00:00:40,311,T,5.39,25.06,6.23,-0.06,0.06,0.12,1.30,-3.38,9.12,-43.56,-38.38,-53.38,0.00,IDLE
607.71,609.97
607.71,609.92
610.49,609.93
610.49,609.94
610.49,609.95
607.77,609.91
1022,00:00:40,312,T,4.34,25.15,6.23,-0.06,0.00,0.12,1.27,-3.36,9.14,-44.56,-37.56,-55.00,0.00,IDLE
607.77,609.87
609.53,609.86
609.53,609.86
609.53,609.85
610.99,609.87
610.99,609.89
609.07,609.88
609.07,609.86
609.18,609.85
607.67,609.81
607.67,609.77
607.73,609.74
1022,00:00:41,313,T,-2.22,25.62,6.23,-0.06,-0.06,0.00,1.29,-3.38,9.12,-43.19,-36.88,-54.19,0.00,IDLE
607.73,609.70
608.87,609.68
608.87,609.67
608.87,609.66
609.95,609.66
609.95,609.67
609.02,609.65
1022,00:00:41,314,T,1.62,25.33,6.23,-0.12,-0.12,-0.06,1.29,-3.35,9.11,-43.88,-37.56,-54.19,0.00,IDLE
609.02,609.64
609.02,609.63
607.57,609.60
607.57,609.57
607.92,609.54
607.92,609.51
1022,00:00:41,315,T,5.79,25.02,6.23,0.06,-0.12,0.00,1.28,-3.38,9.12,-44.56,-36.88,-53.06,0.00,IDLE
607.92,609.49
608.81,609.47
608.81,609.46
614.06,609.54
614.06,609.61
607.90,609.58
607.90,609.56
607.90,609.53
613.26,609.59
613.26,609.66
607.78,609.62
607.78,609.59
607.78,609.56
1022,00:00:42,317,T,5.34,25.07,6.23,-0.06,0.00,0.06,1.31,-3.35,9.14,-43.19,-37.56,-52.69,0.00,IDLE
608.38,609.54
608.38,609.52
615.44,609.62
615.44,609.73
615.44,609.83
1022,00:00:42,318,T,-2.14,25.62,6.21,0.00,0.00,-0.06,1.28,-3.35,9.14,-43.88,-36.50,-55.00,0.00,IDLE
607.79,609.79
607.79,609.75
609.18,609.74
609.18,609.73
609.19,609.72
609.19,609.71
609.19,609.70
1022,00:00:42,319,T,-2.13,25.61,6.20,-0.06,0.12,0.00,1.28,-3.36,9.14,-43.88,-37.25,-53.38,0.00,IDLE
607.55,609.66
607.55,609.62
612.41,609.68
612.41,609.73
612.41,609.78
609.05,609.76
1022,00:00:42,320,T,-2.34,25.61,6.23,0.06,0.00,0.00,1.32,-3.35,9.15,-43.56,-38.00,-52.25,0.00,IDLE
609.05,609.75
616.12,609.87
616.12,609.99
610.60,610.00
610.60,610.01
610.60,610.02
1022,00:00:43,321,T,-2.07,25.62,6.23,-0.12,-0.19,0.00,1.31,-3.33,9.09,-43.56,-36.50,-53.75,0.00,IDLE
609.84,610.02
609.84,610.02
611.30,610.04
611.30,610.06
611.30,610.09
609.87,610.08
1022,00:00:43,322,T,-0.56,25.49,6.21,0.00,0.00,0.00,1.26,-3.34,9.14,-43.88,-37.25,-53.75,0.00,IDLE
609.87,610.08
609.22,610.06
609.22,610.05
611.61,610.08
611.61,610.10
611.61,610.13
1022,00:00:43,323,T,0.33,25.43,6.23,-0.06,0.00,0.00,1.30,-3.36,9.13,-43.88,-36.50,-53.88,0.00,IDLE
609.41,610.12
609.41,610.10
609.75,610.10
609.75,610.09
609.75,610.09
608.44,610.06
608.44,610.03
1022,00:00:43,324,T,0.44,25.42,6.23,-0.06,-0.19,0.06,1.29,-3.37,9.13,-43.19,-37.56,-54.56,0.00,IDLE
613.18,610.08
613.18,610.14
613.18,610.19
617.27,610.31
617.27,610.43
607.64,610.38
1022,00:00:44,325,T,-1.64,25.59,6.22,0.00,-0.06,0.00,1.28,-3.37,9.15,-44.69,-38.00,-53.06,0.00,IDLE
607.64,610.33
608.90,610.30
608.90,610.27
608.90,610.25
608.90,610.22
1022,00:00:44,326,T,2.53,25.26,6.22,0.06,0.06,0.12,1.31,-3.35,9.13,-43.56,-38.00,-53.75,0.00,IDLE
608.90,610.20
608.69,610.17
608.69,610.14
617.01,610.27
617.01,610.40
617.01,610.53
607.66,610.47
1022,00:00:44,327,T,-2.20,25.61,6.23,-0.06,0.12,-0.06,1.29,-3.37,9.11,-43.56,-37.25,-55.00,0.00,IDLE
607.66,610.41
609.08,610.38
609.08,610.36
609.08,610.33
612.52,610.37
612.52,610.42
609.01,610.39
1022,00:00:44,328,T,5.10,25.08,6.22,-0.06,0.06,-0.12,1.29,-3.37,9.12,-43.88,-37.56,-53.88,0.00,IDLE
609.01,610.36
609.92,610.35
609.92,610.34
609.92,610.34
611.76,610.36
611.76,610.39
1022,00:00:45,329,T,6.15,25.01,6.23,0.12,0.38,-0.19,1.28,-3.37,9.13,-43.56,-36.88,-53.75,0.00,IDLE
609.56,610.37
609.56,610.36
609.56,610.34
615.86,610.45
615.86,610.55
1022,00:00:45,330,T,-1.99,25.60,6.22,0.12,0.25,0.00,1.29,-3.35,9.12,-43.56,-37.25,-54.19,0.00,IDLE
607.75,610.50
607.75,610.44
607.75,610.39
614.88,610.48
614.88,610.57
609.80,610.55
609.80,610.54
608.51,610.49
1022,00:00:45,331,T,-2.12,25.61,6.20,0.38,0.19,-0.06,1.30,-3.3455.00,0.00,IDLE
608.51,610.45
608.51,610.41
608.31,610.37
608.31,610.33
607.44,610.27
1022,00:00:46,332,T,7.15,24.93,6.22,-0.25,-0.25,0.00,1.31,-3.36,9.12,-43.56,-37.25,-54.25,0.00,IDLE
607.44,610.21
607.44,610.15
613.28,610.22
613.28,610.28
609.07,610.26
609.07,610.23
1022,00:00:46,333,T,4.58,25.12,6.22,0.12,-0.06,0.00,1.28,-3.32,9.15,-43.56,-37.56,-54.56,0.00,IDLE
609.07,610.21
608.07,610.16
608.07,610.12
616.85,610.26
616.85,610.40
616.91,610.55
607.72,610.48
607.72,610.42
1022,00:00:46,334,T,-1.51,25.57,6.23,0.00,0.00,0.12,1.31,-3.35,9.15,-43.56,-38.00,-53.75,0.00,IDLE
608.72,610.38
608.72,610.34
612.43,610.39
612.43,610.44
612.43,610.48
1022,00:00:46,335,T,-1.72,25.61,6.23,0.31,0.06,0.06,1.32,-3.34,9.15,-43.88,-37.56,-54.19,0.00,IDLE
607.84,610.42
607.84,610.36
609.82,610.35
609.82,610.34
609.82,610.32
608.18,610.28
1022,00:00:47,336,T,1.47,25.35,6.21,-0.19,0.00,0.06,1.29,-3.36,9.13,-43.56,-37.56,-54.56,0.00,IDLE
608.18,610.23
613.33,610.30
613.33,610.37
610.86,610.38
610.86,610.39
610.86,610.40
607.92,610.35
1022,00:00:47,337,T,-2.26,25.61,6.23,0.00,0.00,0.06,1.27,-3.35,9.15,-43.88,-37.25,-54.25,0.00,IDLE
607.92,610.29
609.09,610.27
609.09,610.24
609.09,610.22
614.38,610.31
1022,00:00:47,338,T,-1.99,25.61,6.23,-0.06,0.12,0.06,1.26,-3.36,9.10,-42.38,-37.25,-54.56,0.00,IDLE
614.38,610.39
608.89,610.36
608.89,610.33
608.89,610.30
609.87,610.29
609.87,610.28
1022,00:00:47,339,T,-1.99,25.61,6.23,-0.06,0.12,0.06,1.26,-3.36,9.10,-42.38,-37.25,-54.56,0.00,IDLE
607.67,610.23
607.67,610.17
614.16,610.26
614.16,610.34
614.16,610.42
609.75,610.41
609.75,610.39
1022,00:00:48,340,T,0.69,25.40,6.22,-0.12,0.00,0.12,1.30,-3.33,9.14,-44.25,-37.56,-54.19,0.00,IDLE
613.64,610.46
613.64,610.53
613.64,610.59
611.10,610.61
611.10,610.62
610.53,610.61
1022,00:00:48,341,T,2.74,25.26,6.23,-0.06,-0.06,0.00,1.29,-3.37,9.15,-43.88,-37.25,-54.25,0.00,IDLE
610.53,610.61
610.53,610.61
609.08,610.58
609.08,610.55
610.81,610.56
610.81,610.56
608.77,610.53
1022,00:00:48,342,T,-1.90,25.61,6.21,0.25,0.19,-0.06,1.25,-3.38,9.10,-43.19,-37.56,-53.88,0.00,IDLE
608.77,610.49
608.77,610.46
607.32,610.40
607.32,610.34
610.99,610.36
1022,00:00:48,343,T,-1.95,25.61,6.22,0.25,0.25,-0.06,1.27,-3.37,9.13,-43.56,-36.50,-55.38,0.00,IDLE
610.99,610.37
608.69,610.34
608.69,610.31
608.69,610.28
611.20,610.29
611.20,610.31
607.38,610.26
1022,00:00:49,344,T,-2.23,25.62,6.23,0.06,-0.06,0.19,1.29,-3.35,9.11,-43.19,-38.00,-54.25,0.00,IDLE
607.38,610.20
607.38,610.15
607.60,610.10
607.60,610.05
609.25,610.04
609.25,610.02
1022,00:00:49,345,T,2.66,25.28,6.20,0.06,0.00,0.00,1.30,-3.35,9.14,-44.25,-38.00,-53.88,0.00,IDLE
609.31,610.01
609.31,610.00
609.31,609.99
614.90,610.07
614.90,610.16
1022,00:00:49,346,T,-2.01,25.61,6.21,-0.06,-0.12,-0.06,1.31,-3.31,9.09,-43.56,-36.88,-53.88,0.00,IDLE
607.50,610.11
607.50,610.06
609.11,610.04
609.11,610.03
609.11,610.01
607.73,609.97
607.73,609.92
1022,00:00:49,347,T,-2.25,25.62,6.20,-0.19,0.00,0.12,1.30,-3.33,9.10,-43.19,-37.56,-54.25,0.00,IDLE
608.40,609.90
608.40,609.87
608.40,609.84
611.08,609.86
611.08,609.89
607.57,609.84
1022,00:00:50,348,T,-2.01,25.61,6.21,0.19,0.06,0.06,1.28,-3.35,9.11,-43.19,-38.00,-54.69,0.00,IDLE
607.57,609.80
610.08,609.81
610.08,609.81
610.08,609.82
608.73,609.80
608.73,609.78
608.25,609.75
1022,00:00:50,349,T,3.47,25.20,6.19,0.12,-0.06,0.00,1.24,-3.38,9.15,-44.25,-37.25,-53.38,0.00,IDLE
608.25,609.72
608.25,609.70
607.74,609.67
607.74,609.63
609.47,609.63
1022,00:00:50,350,T,-2.07,25.62,6.22,-0.12,0.06,0.06,1.26,-3.38,9.11,-43.88,-37.25,-54.25,0.00,IDLE
609.47,609.63
608.90,609.61
608.90,609.60
608.90,609.59
610.17,609.60
610.17,609.61
1022,00:00:50,351,T,-2.17,25.62,6.22,-0.06,0.00,-0.06,1.28,-3.36,9.10,-43.56,-37.25,-53.88,0.00,IDLE
607.74,609.58
607.74,609.55
607.74,609.52
613.81,609.59
613.81,609.66
607.71,609.63
607.71,609.59
1022,00:00:51,352,T,-1.95,25.62,6.21,-0.06,0.06,0.06,1.29,-3.34,9.14,-43.19,-37.56,-54.25,0.00,IDLE
613.95,609.67
613.95,609.74
613.95,609.82
609.74,609.82
609.74,609.82
609.86,609.82
1022,00:00:51,353,T,-2.26,25.62,6.22,0.06,0.12,-0.06,1.29,-3.36,9.15,-43.56,-37.56,-54.25,0.00,IDLE
609.86,609.82
609.86,609.82
608.23,609.79
608.23,609.76
607.86,609.73
1022,00:00:51,354,T,1.28,25.37,6.21,-0.25,-0.25,-0.06,1.31,-3.35,9.13,-43.56,-37.25,-54.56,0.00,IDLE
607.86,609.70
607.86,609.67
608.64,609.65
608.64,609.64
609.03,609.63
609.03,609.62
609.03,609.61
1022,00:00:51,355,T,-2.12,25.62,6.21,-0.31,-0.25,0.00,1.28,-3.35,9.09,-43.19,-37.56,-53.88,0.00,IDLE
608.29,609.58
608.29,609.56
609.90,609.57
609.90,609.57
607.66,609.54
607.66,609.51
607.66,609.49
1022,00:00:52,356,T,-1.48,25.58,6.21,0.00,0.19,0.06,1.27,-3.34,9.15,-43.88,-37.56,-53.88,0.00,IDLE
612.19,609.53
612.19,609.57
613.02,609.63
613.02,609.68
613.02,609.74
607.56,609.70
607.56,609.66
1022,00:00:52,357,T,5.26,25.07,6.22,-0.19,0.00,0.00,1.28,-3.36,9.10,-43.19,-36.88,-54.25,0.00,IDLE
608.73,609.65
608.73,609.63
608.73,609.62
614.34,609.70
614.34,609.78
1022,00:00:52,358,T,-2.13,25.62,6.21,-0.12,0.12,-0.06,1.28,-3.35,9.12,-43.88,-37.25,-53.50,0.00,IDLE
607.94,609.74
607.94,609.71
613.34,609.78
613.34,609.84
613.34,609.90
607.74,609.86
1022,00:00:52,359,T,0.19,25.46,6.21,-0.06,0.12,0.00,1.28,-3.37,9.05,-43.88,-37.56,-54.25,0.00,IDLE
607.74,609.82
608.86,609.81
608.86,609.79
608.86,609.77
607.67,609.73
607.67,609.70
608.39,609.67
1022,00:00:53,360,T,-2.17,25.62,6.22,0.06,-0.06,0.06,1.28,-3.37,9.08,-43.56,-38.00,-53.88,0.00,IDLE
608.39,609.65
608.93,609.64
608.93,609.62
608.93,609.61
609.20,609.60
1022,00:00:53,361,T,-2.17,25.62,6.22,0.06,-0.06,0.06,1.28,-3.37,9.08,-43.56,-38.00,-53.88,0.00,IDLE
609.20,609.60
609.30,609.59
609.30,609.59
609.30,609.58
614.30,609.66
614.30,609.74
609.56,609.73
1022,00:00:53,362,T,2.44,25.28,6.21,0.00,0.12,0.00,1.29,-3.35,9.11,-43.56,-37.25,-54.69,0.00,IDLE
609.56,609.73
609.56,609.73
607.77,609.70
607.77,609.66
608.29,609.64
608.29,609.62
1022,00:00:53,363,T,-2.25,25.63,6.22,-0.12,-0.44,0.00,1.30,-3.33.56,-36.88,-54.69,0.00,IDLE
608.86,609.61
608.86,609.59
608.86,609.58
613.66,609.65
613.66,609.71
607.71,609.68
1022,00:00:54,364,T,-2.03,25.63,6.21,0.00,0.06,-0.06,1.27,-3.34,9.10,-42.75,-36.56,-54.69,0.00,IDLE
607.71,609.65
607.71,609.61
611.65,609.65
611.65,609.68
610.45,609.70
610.45,609.71
1022,00:00:54,365,T,-2.24,25.62,6.20,0.00,-0.31,0.00,1.31,-3.35,9.09,-43.56,-36.88,-53.88,0.00,IDLE
608.36,609.69
608.36,609.66
608.36,609.64
611.88,609.68
611.88,609.72
607.48,609.68
607.48,609.64
607.48,609.61
1022,00:00:54,366,T,-2.06,25.62,6.22,0.06,0.19,0.00,1.27,-3.36,9.10,-43.88,-36.88,-54.56,0.00,IDLE
609.36,609.60
609.36,609.60
611.75,609.63
611.75,609.67
1022,00:00:54,367,T,-2.18,25.62,6.19,0.00,0.00,0.06,1.29,-3.37,9.12,-43.56,-37.56,-54.25,0.00,IDLE
611.75,609.70
607.64,609.67
607.64,609.63
610.64,609.65
610.64,609.67
607.50,609.63
607.50,609.60
1022,00:00:55,368,T,4.02,25.17,6.21,0.06,-0.19,0.00,1.29,-3.35,9.10,-44.25,-36.88,-55.06,0.00,IDLE
607.50,609.56
613.83,609.63
613.83,609.71
614.55,609.79
614.55,609.88
614.55,609.96
607.62,609.92
1022,00:00:55,369,T,-2.20,25.62,6.21,0.00,0.06,-0.06,1.31,-3.37,9.09,-43.56,-37.25,-54.25,0.00,IDLE
607.62,609.87
607.78,609.83
607.78,609.79
607.78,609.76
610.40,609.77
610.40,609.78
1022,00:00:55,370,T,-2.20,25.62,6.21,0.12,0.06,-0.06,1.26,-3.36,9.13,-43.19,-36.56,-53.88,0.00,IDLE
610.24,609.79
610.24,609.80
609.89,609.80
609.89,609.80
609.89,609.80
1022,00:00:55,371,T,-0.84,25.53,6.19,-0.25,-0.06,0.06,1.28,-3.35,9.08,-43.88,-37.25,-54.25,0.00,IDLE
607.88,609.77
607.88,609.74
607.76,609.70
607.76,609.67
608.26,609.64
608.26,609.62
1022,00:00:56,372,T,-2.17,25.62,6.21,0.12,-0.12,-0.19,1.28,-3.34,9.12,-43.56,-37.56,-54.25,0.00,IDLE
608.26,609.59
612.82,609.65
612.82,609.71
610.96,609.73
610.96,609.75
609.55,609.75
1022,00:00:56,373,T,3.86,25.16,6.21,-0.06,-0.19,0.00,1.25,-3.36,9.12,-44.25,-37.56,-53.88,0.00,IDLE
609.55,609.74
609.55,609.74
608.95,609.73
608.95,609.71
608.50,609.69
608.50,609.67
1022,00:00:56,374,T,-2.28,25.61,6.21,-0.06,0.06,-0.12,1.29,-3.38,9.10,-43.88,-36.88,-53.88,0.00,IDLE
608.50,609.66
608.24,609.63
608.24,609.61
612.70,609.66
612.70,609.71
607.64,609.68
607.64,609.64
1022,00:00:56,375,T,-1.98,25.61,6.22,0.06,0.00,-0.06,1.25,-3.37,9.10,-43.56,-37.25,-53.88,0.00,IDLE
607.64,609.61
609.70,609.61
609.70,609.61
610.80,609.63
610.80,609.65
610.80,609.67
608.97,609.66
1022,00:00:57,376,T,5.70,25.04,6.20,-0.12,0.00,0.19,1.28,-3.34,9.10,-43.88,-37.56,-54.69,0.00,IDLE
608.97,609.65
609.59,609.64
609.59,609.64
609.59,609.64
611.10,609.66
1022,00:00:57,377,T,-2.26,25.61,6.21,-0.06,0.12,0.00,1.28,-3.35,9.10,-43.56,-37.56,-53.88,0.00,IDLE
611.10,609.69
609.00,609.68
609.00,609.67
614.14,609.73
614.14,609.80
614.14,609.87
1022,00:00:57,378,T,1.95,25.31,6.21,0.19,-0.19,-0.06,1.27,-3.32,9.09,-43.56,-37.56,-53.88,0.00,IDLE
607.89,609.84
607.89,609.80
609.07,609.79
609.07,609.78
609.22,609.77
609.22,609.76
1022,00:00:57,379,T,-2.26,25.61,6.18,0.12,-0.31,-0.06,1.32,-3.36,9.11,-43.56,-37.56,-55.38,0.00,IDLE
609.22,609.75
610.06,609.76
610.06,609.76
613.62,609.82
613.62,609.88
613.62,609.94
607.82,609.90
1022,00:00:58,380,T,-2.36,25.61,6.21,-0.25,-0.12,0.06,1.29,-3.35,9.11,-44.69,-37.56,-54.25,0.00,IDLE
607.82,609.87
609.16,609.86
609.16,609.85
609.16,609.84
610.27,609.84
1022,00:00:58,381,T,-2.07,25.60,6.19,0.25,0.19,0.00,1.25,-3.32,9.11,-43.88,-36.88,-54.69,0.00,IDLE
610.27,609.85
608.17,609.82
608.17,609.80
611.59,609.83
611.59,609.85
611.59,609.88
1022,00:00:58,382,T,-2.02,25.30,6.17,-0.06,0.06,0.00,1.26,-3.35,9.15,-44.69,-36.88,-52.75,0.00,IDLE
609.18,609.87
609.18,609.86
608.41,609.84
608.41,609.82
608.08,609.79
608.08,609.76
608.08,609.74
1022,00:00:58,383,T,-0.41,25.48,6.18,0.12,-0.19,0.06,1.25,-3.36,9.16,-43.56,-36.88,-53.88,0.00,IDLE
609.37,609.73
609.37,609.73
608.86,609.71
608.86,609.70
608.86,609.69
607.91,609.66
1022,00:00:59,384,T,-2.46,25.61,6.19,-0.44,0.06,0.06,1.31,-3.39,9.10,-43.88,-37.56,-53.56,0.00,IDLE
607.91,609.64
611.37,609.66
611.37,609.69
611.37,609.71
609.89,609.71
609.89,609.72
607.85,609.69
1022,00:00:59,385,T,-2.18,25.62,6.19,0.12,0.12,-0.06,1.28,-3.33,9.11,-44.25,-37.25,-54.69,0.00,IDLE
607.85,609.66
610.06,609.67
610.06,609.67
610.06,609.68
612.60,609.72
1022,00:00:59,386,T,-2.11,25.61,6.19,-0.06,0.12,-0.12,1.27,-3.36,9.13,-43.88,-37.25,-53.19,0.00,IDLE
612.60,609.76
609.00,609.75
609.00,609.74
609.00,609.73
609.33,609.72
609.33,609.72
607.93,609.69
1022,00:00:59,387,T,-1.94,25.62,6.19,-0.19,-0.06,-0.12,1.26,-3.37,9.12,-43.88,-36.88,-55.06,0.00,IDLE
607.93,609.67
609.51,609.67
609.51,609.66
609.51,609.66
609.20,609.66
609.20,609.65
1022,00:01:00,388,T,-2.18,25.61,6.19,-0.12,-0.56,0.00,1.32,-3.36,9.06,-43.88,-37.25,-53.56,0.00,IDLE
610.77,609.67
610.77,609.68
610.77,609.69
614.25,609.75
614.25,609.82
607.55,609.78
607.55,609.75
607.55,609.72
1022,00:01:00,389,T,-2.18,25.61,6.18,-0.06,-0.12,0.06,1.27,-3.35,9.15,-43.56,-37.25,-54.25,0.00,IDLE
609.14,609.71
609.14,609.70
609.24,609.70
609.24,609.69
609.24,609.68
1022,00:01:00,390,T,-2.04,25.61,6.22,-0.06,-0.12,0.12,1.28,-3.35,9.11,-43.19,-37.56,-53.88,0.00,IDLE
609.17,609.68
609.17,609.67
608.93,609.66
608.93,609.65
607.54,609.62
1022,00:01:00,391,T,-2.35,25.62,6.21,-0.06,-0.31,-0.06,1.29,-3.39,9.11,-43.56,-36.88,-53.88,0.00,IDLE
607.54,609.59
607.54,609.57
608.51,609.55
608.51,609.54
607.85,609.52
607.85,609.49
607.85,609.47
1022,00:01:01,392,T,-2.07,25.61,6.18,-0.38,-0.06,0.06,1.29,-3.35,9.12,-43.88,-37.56,-53.88,0.00,IDLE
609.01,609.46
609.01,609.46
610.59,609.47
610.59,609.49
610.59,609.50
607.75,609.48
1022,00:01:01,393,T,-2.24,25.61,6.19,0.06,-0.12,-0.06,1.27,-3.32,9.08,-43.56,-37.56,-54.25,0.00,IDLE
607.75,609.46
609.87,609.46
609.87,609.47
610.77,609.48
610.77,609.50
610.77,609.52
607.55,609.49
1022,00:01:01,394,T,-2.16,25.62,6.21,0.12,0.12,0.12,1.30,-3.36,9.13,-43.19,-37.25,-53.88,0.00,IDLE
607.55,609.47
609.16,609.46
609.16,609.46
615.08,609.53
615.08,609.61
1022,00:01:01,395,T,-2.14,25.62,6.18,0.00,0.06,0.06,1.27,-3.35,9.14,-43.88,-36.88,-54.00,0.00,IDLE
615.08,609.68
608.87,609.67
608.87,609.66
611.92,609.69
611.92,609.73
611.92,609.76
607.60,609.73
607.60,609.69
1022,00:01:02,396,T,-2.16,25.62,6.22,0.19,0.00,0.06,1.28,-3.39,9.09,-43.19,-37.25,-53.56,0.00,IDLE
612.78,609.74
612.78,609.79
612.78,609.83
610.71,609.85
610.71,609.86
1022,00:01:02,397,T,-2.18,25.62,6.21,-0.19,0.06,-0.06,1.27,-3.36,9.13,-43.88,-37.25,-55.06,0.00,IDLE
609.34,609.85
609.34,609.84
609.92,609.85
609.92,609.85
609.92,609.85
1022,00:01:02,398,T,-2.15,25.62,6.19,0.12,0.25,0.00,1.26,-3.34,9.11,-44.25,-37.56,-55.88,0.00,IDLE
607.73,609.82
607.73,609.79
609.39,609.78
609.39,609.78
609.39,609.77
607.67,609.74
607.67,609.71
1022,00:01:02,399,T,0.30,25.44,6.19,-0.19,-0.19,0.00,1.30,-3.35,9.12,-43.56,-37.25,-53.56,0.00,IDLE
607.86,609.68
607.86,609.66
607.86,609.63
614.75,609.71
614.75,609.78
608.09,609.76
608.09,609.73
608.09,609.70
614.67,609.78
614.67,609.86
607.81,609.83
607.81,609.79
607.82,609.76
1022,00:01:03,400,T,0.14,25.62,6.21,0.06,0.06,-0.06,1.28,-3.34,9.11,-43.88,-37.25,-53.88,0.00,IDLE
607.82,609.73
607.82,609.69
608.46,609.67
608.46,609.65
607.84,609.62
607.84,609.59
1022,00:01:03,401,T,-2.16,25.61,6.21,0.06,-0.19,0.00,1.26,-3.36,9.10,-43.19,-38.00,-55.06,0.00,IDLE
607.84,609.56
609.44,609.56
609.44,609.56
610.86,609.58
610.86,609.60
610.86,609.62
607.63,609.59
1022,00:01:03,402,T,-2.28,25.61,6.18,0.00,0.06,0.00,1.28,-3.33,9.14,-43.56,-37.56,-53.88,0.00,IDLE
607.63,609.56
610.32,609.57
610.32,609.58
613.76,609.65
613.76,609.72
613.76,609.78
1022,00:01:04,403,T,0.53,25.42,6.18,0.06,0.06,0.00,1.27,-3.38,9.16,-43.56,-36.88,-54.38,0.00,IDLE
611.91,609.82
611.91,609.86
611.03,609.88
611.03,609.90
611.03,609.92
1022,00:01:04,404,T,-2.23,25.62,6.18,0.19,0.12,0.00,1.27,-3.35,9.14,-43.56,-37.69,-54.00,0.00,IDLE
607.64,609.88
607.64,609.84
608.10,609.81
608.10,609.78
607.95,609.75
607.95,609.72
1022,00:01:04,405,T,-1.82,25.62,6.18,-0.12,0.19,0.00,1.30,-3.36,9.15,-43.88,-37.69,-54.00,0.00,IDLE
607.95,609.69
607.99,609.66
607.99,609.63
611.72,609.67
611.72,609.70
611.72,609.74
607.91,609.70
1022,00:01:04,406,T,-2.20,25.62,6.21,0.06,0.06,0.00,1.28,-3.34,9.15,-43.56,-37.25,-53.56,0.00,IDLE
607.91,609.67
609.58,609.67
609.58,609.67
609.58,609.67
609.39,609.66
609.39,609.66
610.77,609.68
1022,00:01:05,407,T,-1.23,25.55,6.19,-0.06,-0.12,0.00,1.28,-3.35,9.11,-43.56,-37.69,-55.19,0.00,IDLE
610.77,609.70
610.77,609.71
609.47,609.71
609.47,609.71
607.91,609.68
1022,00:01:05,408,T,-2.08,25.62,6.21,0.25,0.12,-0.19,1.30,-3.33,9.13,-43.88,-37.69,-54.38,0.00,IDLE
607.91,609.65
608.92,609.64
608.92,609.63
608.92,609.62
611.48,609.65
611.48,609.67
1022,00:01:05,409,T,-2.27,25.61,6.21,-0.12,0.12,0.00,1.28,-3.37,9.10,-43.56,-37.25,-55.06,0.00,IDLE
609.44,609.67
609.44,609.67
609.58,609.66
613.90,609.73
613.90,609.79
607.88,609.76
607.88,609.73
1022,00:01:05,410,T,-2.12,25.61,6.18,-0.06,0.06,0.12,1.28,-3.36,9.16,-44.25,-36.88,-54.00,0.00,IDLE
609.27,609.72
609.27,609.72
609.27,609.71
614.91,609.79
614.91,609.87
607.93,609.84
1022,00:01:06,411,T,-2.20,25.61,6.19,0.06,0.06,0.00,1.28,-3.36,9.15,-43.88,-37.25,-52.75,0.00,IDLE
607.93,609.81
607.93,609.78
608.51,609.75
608.51,609.73
608.06,609.71
608.06,609.68
608.06,609.66
1022,00:01:06,412,T,-1.94,25.62,6.19,0.06,0.06,0.06,1.27,-3.34,9.14,-44.25,-37.69,-54.75,0.00,IDLE
608.50,609.64
608.50,609.62
609.30,609.61
609.30,609.61
607.86,609.58
607.86,609.56
1022,00:01:06,413,T,-2.09,25.61,6.18,0.00,0.12,0.06,1.27,-3.33,9.15,-43.56,-37.69,-54.75,0.00,IDLE
607.86,609.53
608.54,609.51
608.54,609.50
614.77,609.58
614.77,609.66
614.77,609.75
1022,00:01:06,414,T,0.35,25.43,6.19,0.06,-0.38,-0.06,1.26,-3.32,9.12,-44.25,-37.25,-54.00,0.00,IDLE
607.76,609.71
607.76,609.68
608.92,609.67
608.92,609.65
609.50,609.65
1022,00:01:07,415,T,-2.11,25.62,6.17,0.00,-0.12,-0.06,1.28,-3.37,9.13,-43.56,-37.25,-54.38,0.00,IDLE
609.50,609.65
609.50,609.65
612.91,609.70
612.91,609.75
609.73,609.75
609.73,609.75
607.78,609.72
1022,00:01:07,416,T,-2.09,25.61,6.21,-0.06,0.00,0.00,1.27,-3.35,9.16,-44.25,-37.25,-54.75,0.00,IDLE
607.78,609.69
607.78,609.66
609.04,609.65
609.04,609.64
610.20,609.65
610.20,609.65
1022,00:01:07,417,T,-2.25,25.61,6.21,-0.12,0.00,0.00,1.27,-3.37,9.16,-44.25,-37.69,-54.75,0.00,IDLE
609.49,609.65
609.49,609.65
609.49,609.65
609.55,609.65
609.55,609.64
607.64,609.62
1022,00:01:07,418,T,-2.33,25.61,6.18,-0.06,-0.12,0.12,1.29,-3.35,9.11,-43.19,-37.25,-53.56,0.00,IDLE
607.64,609.59
607.64,609.56
609.74,609.56
609.74,609.56
608.47,609.55
608.47,609.53
1022,00:01:08,419,T,-2.27,25.61,6.21,-0.19,0.06,0.12,1.28,-3.37,9.14,-43.56,-37.69,-55.88,0.00,IDLE
608.47,609.52
612.00,609.55
612.00,609.59
609.55,609.59
609.55,609.59
609.55,609.59
607.60,609.56
1022,00:01:08,420,T,-2.00,25.61,6.18,-0.06,0.25,0.06,1.29,-3.35,9.18,-43.56,-36.56,-54.38,0.00,IDLE
607.60,609.53
609.08,609.52
609.08,609.52
614.09,609.58
614.09,609.65
614.09,609.71
1022,00:01:08,421,T,0.05,25.45,6.21,0.12,-0.25,-0.06,1.27,-3.33,9.11,-44.25,-38.06,-55.19,0.00,IDLE
608.27,609.69
608.27,609.67
609.90,609.67
609.90,609.67
609.90,609.68
607.58,609.65
1022,00:01:08,422,T,-2.12,25.61,6.18,0.06,0.19,0.00,1.27,-3.35,9.15,-44.25,-37.25,-53.19,0.00,IDLE
607.58,609.62
608.60,609.60
608.60,609.59
608.60,609.57
614.55,609.64
614.55,609.72
1022,00:01:09,423,T,-2.29,25.61,6.18,0.00,0.00,-0.06,1.28,-3.35,9.14,-43.88,-36.88,-54.00,0.00,IDLE
609.10,609.71
609.10,609.70
609.64,609.70
609.64,609.70
609.64,609.70
608.58,609.68
1022,00:01:09,424,T,-2.18,25.61,6.21,0.00,-0.12,0.00,1.28,-3.37,9.14,-44.25,-36.56,-54.00,0.00,IDLE
608.58,609.66
609.12,609.66
609.12,609.65
609.12,609.64
609.38,609.64
609.38,609.63
1022,00:01:09,425,T,-2.18,25.61,6.21,-0.12,0.25,0.06,1.28,-3.35,9.14,-43.88,-37.25,-53.25,0.00,IDLE
607.58,609.61
607.58,609.58
607.58,609.55
614.01,609.61
614.01,609.68
609.34,609.67
609.34,609.67
1022,00:01:09,426,T,-2.18,25.61,6.21,0.06,-0.38,0.06,1.28,-3.37,9.14,-43.88,-36.88,-53.25,0.00,IDLE
609.34,609.66
608.54,609.65
608.54,609.63
610.05,609.64
610.05,609.64
609.13,609.63
1022,00:01:10,427,T,-2.09,25.61,6.18,0.00,0.06,0.06,1.27,-3.36,9.15,-43.56,-38.38,-54.38,0.00,IDLE
609.13,609.63
609.13,609.62
608.23,609.60
608.23,609.58
609.29,609.58
609.29,609.58
1022,00:01:10,428,T,0.51,25.42,6.21,-0.06,0.12,-0.12,1.27,-3.34,9.15,-42.75,-37.25,-54.00,0.00,IDLE
609.29,609.57
609.29,609.57
609.29,609.56
610.40,609.58
610.40,609.59
609.76,609.59
1022,00:01:10,429,T,-2.06,25.62,6.18,-0.06,0.19,-0.12,1.28,-3.35,9.12,-43.56,-37.25,-52.38,0.00,IDLE
609.76,609.59
609.76,609.59
610.66,609.61
610.66,609.62
608.47,609.61
608.47,609.59
608.47,609.58
607.90,609.56
1022,00:01:10,430,T,-2.22,25.62,6.21,0.00,0.00,0.19,1.27,-3.32,9.15,-43.88,-37.25,-52.75,0.00,IDLE
607.90,609.54
607.69,609.51
607.69,609.49
607.69,609.47
607.56,609.44
1022,00:01:11,431,T,-2.13,25.61,6.18,0.06,-0.06,0.06,1.27,-3.35,9.15,-42.75,-37.69,-53.56,0.00,IDLE
607.56,609.42
612.25,609.46
612.25,609.49
612.25,609.53
614.35,609.59
614.35,609.66
1022,00:01:11,432,T,-2.19,25.61,6.21,0.19,0.06,-0.06,1.27,-3.36,9.15,-43.19,-37.25,-53.25,0.00,IDLE
607.80,609.63
607.80,609.61
613.21,609.66
613.21,609.71
613.21,609.76
609.25,609.75
1022,00:01:11,433,T,6.23,24.99,6.21,0.00,-0.06,0.00,1.27,-3.34,9.16,-43.19,-38.38,-54.06,0.00,IDLE
609.25,609.75
609.09,609.74
609.09,609.73
609.09,609.72
610.45,609.73
610.45,609.74
1022,00:01:11,434,T,-2.18,25.62,6.17,0.06,0.00,-0.06,1.28,-3.35,9.13,-43.19,-37.69,-52.50,0.00,IDLE
607.44,609.71
607.44,609.67
609.35,609.67
609.35,609.66
609.35,609.66
607.69,609.63
607.69,609.60
1022,00:01:12,435,T,0.05,25.46,6.21,0.00,0.12,0.06,1.27,-3.33,9.16,-42.75,-38.38,-52.88,0.00,IDLE
611.90,609.64
611.90,609.67
611.90,609.70
609.86,609.70
609.86,609.71
1022,00:01:12,436,T,-2.12,25.62,6.21,-0.06,-0.12,-0.06,1.27,-3.36,9.15,-43.19,-38.06,-51.69,0.00,IDLE
607.65,609.68
607.65,609.65
609.82,609.65
609.82,609.65
609.82,609.65
607.53,609.63
607.53,609.60
608.19,609.58
1022,00:01:12,437,T,-2.44,25.62,6.21,-0.75,-1.06,0.06,1.24,-3.25,9.52,-43.56,-37.25,-52.06,0.00,IDLE
608.19,609.56
608.19,609.54
609.16,609.53
609.16,609.53
608.76,609.52
608.76,609.51
1022,00:01:12,438,T,-2.24,25.62,6.18,-0.06,-0.19,0.06,1.27,-3.35,9.04,-26.88,-23.19,-33.25,0.00,IDLE
609.50,609.51
609.50,609.51
609.50,609.51
609.01,609.50
609.01,609.49
609.70,609.50
1022,00:01:13,439,T,-2.17,25.62,6.21,-0.06,0.12,-0.06,1.26,-3.37,9.14,-26.88,-22.06,-34.50,0.00,IDLE
609.70,609.50
608.50,609.49
608.50,609.47
608.50,609.46
611.16,609.48
1022,00:01:13,440,T,-1.98,25.63,6.21,0.12,0.19,0.00,1.24,-3.37,2,-26.88,-23.19,-33.38,0.00,IDLE
611.16,609.50
608.88,609.50
608.88,609.49
608.88,609.48
611.81,609.51
611.81,609.54
607.65,609.51
1022,00:01:13,441,T,-2.20,25.63,6.18,-0.25,0.31,0.00,1.24,-3.36,9.16,-26.88,-23.56,-33.75,0.00,IDLE
607.65,609.49
607.65,609.47
612.33,609.50
612.33,609.54
607.42,609.51
607.42,609.48
1022,00:01:13,442,T,4.50,25.13,6.20,-0.50,-0.38,0.12,1.31,-3.33,9.12,-25.75,-22.75,-33.00,0.00,IDLE
611.07,609.51
611.07,609.53
611.07,609.55
621.33,609.71
621.33,609.88
608.94,609.86
1022,00:01:14,443,T,-2.02,25.63,6.20,-0.25,-0.06,0.06,1.26,-3.37,9.17,-26.19,-22.06,-32.19,0.00,IDLE
608.94,609.85
608.22,609.82
608.22,609.80
608.22,609.77
607.75,609.74
607.75,609.71
610.23,609.71
1022,00:01:14,444,T,-2.09,25.64,6.20,0.00,0.12,0.00,1.29,-3.36,9.17,-26.88,-23.19,-33.00,0.00,IDLE
610.23,609.72
610.23,609.73
610.07,609.74
610.07,609.74
607.46,609.71
1022,00:01:14,445,T,-1.95,25.63,6.17,0.25,0.25,0.06,1.25,-3.37,9.15,-27.25,-23.19,-32.19,0.00,IDLE
607.46,609.67
609.57,609.67
609.57,609.67
609.57,609.67
622.52,609.86
622.52,610.07
1022,00:01:14,446,T,-1.77,25.64,6.20,0.06,-0.12,0.06,1.30,-3.36,9.12,-26.88,-22.75,-32.56,0.00,IDLE
614.47,610.15
614.47,610.23
614.47,610.31
614.99,610.40
614.99,610.49
613.47,610.55
1022,00:01:15,447,T,4.39,25.16,6.20,0.00,0.31,0.06,1.27,-3.38,9.21,-26.56,-22.06,-33.00,0.00,IDLE
613.47,610.61
613.47,610.67
617.97,610.82
617.97,610.98
613.14,611.03
613.14,611.08
1022,00:01:15,448,T,-2.24,25.64,6.20,-2.19,-4.56,0.31,1.43,-3.71,8.61,-27.00,-22.69,-31.00,0.00,IDLE
610.15,611.06
610.15,611.04
610.15,611.02
617.21,611.15
617.21,611.29
607.70,611.21
607.70,611.12
1022,00:01:15,449,T,2.66,25.28,6.21,0.38,-0.06,-0.06,1.27,-3.32,9.06,-26.50,-23.38,-32.00,0.00,IDLE
607.70,611.04
610.20,611.02
610.20,611.00
620.12,611.22
620.12,611.44
607.64,611.34
1022,00:01:15,450,T,-2.10,25.64,6.20,0.12,0.38,-0.19,1.28,-3.38,9.16,-26.19,-22.19,-33.50,0.00,IDLE
607.64,611.24
607.64,611.14
618.07,611.33
618.07,611.52
611.59,611.53
611.59,611.53
1022,00:01:16,451,T,-2.29,25.64,6.20,0.12,0.44,-0.06,1.28,-3.40,9.13,-25.75,-23.38,-32.00,0.00,IDLE
611.59,611.53
618.51,611.72
618.51,611.91
621.89,612.20
621.89,612.50
621.89,612.81
607.87,612.64
607.87,612.47
1022,00:01:16,452,T,9.40,24.80,6.21,0.00,0.38,-0.06,1.29,-3.42,9.15,-25.75,-23.38,-32.00,0.00,IDLE
611.80,612.45
611.80,612.43
619.81,612.67
619.81,612.92
1022,00:01:16,453,T,-0.74,25.52,6.17,0.19,-0.62,-0.06,1.34,-3.48,9.00,-25.38,-22.56,-33.50,0.00,IDLE
619.81,613.17
610.02,613.05
610.02,612.94
618.78,613.16
618.78,613.37
618.78,613.57
614.52,613.61
1022,00:01:16,454,T,1.57,25.37,6.21,-0.12,0.12,0.25,1.31,-3.42,9.15,-26.50,-22.56,-31.69,0.00,IDLE
614.52,613.64
608.69,613.46
608.69,613.29
612.88,613.27
612.88,613.26
612.88,613.25
1022,00:01:17,455,T,-2.07,25.64,6.21,0.19,-0.19,0.00,1.27,-3.38,9.10,-26.19,-23.38,-31.19,0.00,IDLE
618.51,613.42
618.51,613.60
612.63,613.56
612.63,613.53
612.63,613.50
610.66,613.41
1022,00:01:17,456,T,6.62,25.01,6.17,0.00,-0.06,0.06,1.29,-3.47,9.13,-26.19,-23.00,-31.19,0.00,IDLE
610.66,613.32
610.87,613.24
610.87,613.17
610.87,613.10
618.94,613.28
1022,00:01:17,457,T,-1.92,25.65,6.21,0.06,-0.12,-0.06,1.27,-3.39,9.10,-26.50,-23.00,-32.38,0.00,IDLE
618.94,613.46
607.70,613.27
607.70,613.09
626.99,613.56
626.99,614.06
626.99,614.58
607.63,614.28
1022,00:01:17,458,T,-1.91,25.65,6.20,0.06,0.19,-0.06,1.30,-3.38,9.18,-26.19,-22.56,-31.69,0.00,IDLE
607.63,613.98
610.86,613.84
610.86,613.71
610.86,613.58
616.33,613.70
616.33,613.81
614.40,613.84
614.40,613.86
1022,00:01:18,459,T,7.50,24.94,6.20,-0.12,0.00,0.06,1.29,-3.39,9.16,-26.50,-23.00,-32.38,0.00,IDLE
614.90,613.90
613.21,613.87
613.21,613.85
624.02,614.21
624.02,614.59
1022,00:01:18,460,T,0.05,25.49,6.20,0.19,0.12,0.06,1.24,-3.42,9.12,-26.19,-22.56,-32.38,0.00,IDLE
611.57,614.47
611.57,614.35
611.57,614.24
628.71,614.80
628.71,615.39
607.81,615.04
1022,00:01:18,461,T,6.45,25.06,6.20,-0.12,-0.06,0.00,1.27,-3.40,9.08,-26.50,-22.19,-31.69,0.00,IDLE
607.81,614.70
607.81,614.37
609.22,614.12
609.22,613.88
612.83,613.83
612.83,613.78
1022,00:01:18,462,T,-1.73,25.66,6.21,-0.12,0.19,0.00,1.27,-3.43,9.11,-26.19,-22.56,-32.75,0.00,IDLE
612.83,613.74
610.47,613.59
610.47,613.46
624.06,613.91
